model,threshold,precision,recall,f1_score
Logreg,0.19191919191919193,0.4035714285714286,0.7378201908588649,0.5217545729000178
Xgb,0.19191919191919193,0.9751491053677932,0.9854344550477148,0.9802648013989508
Iforest,0.19191919191919193,0.35490196078431374,1.0,0.5238784370477568
Fused,0.19191919191919193,0.9308560677328316,0.9939728779507785,0.9613796453728443
