fold,auprc,auroc,scale_pos_weight
1,1.0,1.0,5.073560027758501
2,1.0,1.0,5.088069956277327
3,1.0,1.0,4.982790411800861
4,1.0,1.0,5.057835820895522
5,1.0,1.0,4.921754593953764
